<?xml version="1.0" encoding="UTF-8"?>
<!DOCTYPE suite SYSTEM "http://testng.org/testng-1.0.dtd">
<suite name="Suite">

	<listeners>
        <listener class-name="com.restapi.utilities.ExtentReporterNG"/>
    </listeners>
    
  <test name="Test">
    <classes>
      <class name="com.restapi.testScripts.GoogleAPITest"/>
      <class name="com.restapi.testScripts.TwitterAPITest"/>
      <class name="com.restapi.testScripts.JiraAPITest"/>
      
    </classes>
  </test> <!-- Test -->
</suite> <!-- Suite -->
